genres,return_ratio,year
Action,2.13377435460302,2011
Adventure,2.13377435460302,2011
Fantasy,2.13377435460302,2011
Action,4.63224389292196,2015
Adventure,4.63224389292196,2015
Sci-Fi,4.63224389292196,2015
Action,8.089832273333334,2018
Adventure,8.089832273333334,2018
Sci-Fi,8.089832273333334,2018
Action,1.9498983466666666,2017
Adventure,1.9498983466666666,2017
Fantasy,1.9498983466666666,2017
Action,2.59898366,2015
Adventure,2.59898366,2015
Thriller,2.59898366,2015
Action,4.573011629090909,2012
Thriller,4.573011629090909,2012
Action,1.206977669090909,2018
Adventure,1.206977669090909,2018
Fantasy,1.206977669090909,2018
Action,0.2701972,2013
Adventure,0.2701972,2013
Western,0.2701972,2013
Action,0.29395192363636363,2012
Adventure,0.29395192363636363,2012
Sci-Fi,0.29395192363636363,2012
Adventure,2.028073753846154,2010
Animation,2.028073753846154,2010
Comedy,2.028073753846154,2010
Action,5.192615048,2016
Adventure,5.192615048,2016
Sci-Fi,5.192615048,2016
Action,3.7914419,2016
Adventure,3.7914419,2016
Fantasy,3.7914419,2016
Adventure,4.280028544,2012
Family,4.280028544,2012
Fantasy,4.280028544,2012
Adventure,3.87493484,2013
Fantasy,3.87493484,2013
Action,4.842444128,2017
Crime,4.842444128,2017
Thriller,4.842444128,2017
Action,3.1773913608695654,2017
Adventure,3.1773913608695654,2017
Fantasy,3.1773913608695654,2017
Action,3.2624223822222223,2013
Adventure,3.2624223822222223,2013
Sci-Fi,3.2624223822222223,2013
Action,3.636004227272727,2012
Adventure,3.636004227272727,2012
Sci-Fi,3.636004227272727,2012
Action,0.7214141681818181,2012
Adventure,0.7214141681818181,2012
Sci-Fi,0.7214141681818181,2012
Action,2.378166004608295,2017
Adventure,2.378166004608295,2017
Sci-Fi,2.378166004608295,2017
Action,9.70290925116279,2015
Adventure,9.70290925116279,2015
Sci-Fi,9.70290925116279,2015
Action,5.426086438095238,2014
Adventure,5.426086438095238,2014
Sci-Fi,5.426086438095238,2014
Action,1.0378388285714286,2010
Adventure,1.0378388285714286,2010
Drama,1.0378388285714286,2010
Action,9.24158895,2018
Adventure,9.24158895,2018
Sci-Fi,9.24158895,2018
Action,8.255512275,2018
Adventure,8.255512275,2018
Animation,8.255512275,2018
Adventure,6.53755377,2016
Animation,6.53755377,2016
Comedy,6.53755377,2016
Adventure,6.41942201,2010
Animation,6.41942201,2010
Comedy,6.41942201,2010
Action,6.07443629,2012
Adventure,6.07443629,2012
Thriller,6.07443629,2012
Adventure,4.06038329,2013
Animation,4.06038329,2013
Comedy,4.06038329,2013
Action,3.908921545,2014
Adventure,3.908921545,2014
Sci-Fi,3.908921545,2014
Action,3.559251345,2014
Adventure,3.559251345,2014
Sci-Fi,3.559251345,2014
Adventure,2.75803129,2011
Animation,2.75803129,2011
Comedy,2.75803129,2011
Adventure,3.058879935,2018
Family,3.058879935,2018
Fantasy,3.058879935,2018
Action,0.68068332,2011
Adventure,0.68068332,2011
Sci-Fi,0.68068332,2011
Action,6.570159415384615,2011
Adventure,6.570159415384615,2011
Sci-Fi,6.570159415384615,2011
Adventure,0.3480779794871795,2013
Fantasy,0.3480779794871795,2013
Action,2.6640012894736844,2013
Adventure,2.6640012894736844,2013
Sci-Fi,2.6640012894736844,2013
Action,2.8624966368421054,2013
Adventure,2.8624966368421054,2013
Horror,2.8624966368421054,2013
Action,1.6989779578947368,2013
Adventure,1.6989779578947368,2013
Sci-Fi,1.6989779578947368,2013
Adventure,1.4365768373333334,2015
Animation,1.4365768373333334,2015
Comedy,1.4365768373333334,2015
Adventure,3.280479535135135,2012
Animation,3.280479535135135,2012
Comedy,3.280479535135135,2012
Action,2.941215518918919,2017
Adventure,2.941215518918919,2017
Fantasy,2.941215518918919,2017
Action,1.673786881081081,2016
Adventure,1.673786881081081,2016
Sci-Fi,1.673786881081081,2016
Drama,0.8995219837837838,2017
Mystery,0.8995219837837838,2017
Sci-Fi,0.8995219837837838,2017
Action,5.455768405555555,2017
Adventure,5.455768405555555,2017
Comedy,5.455768405555555,2017
Action,4.5552447944444445,2014
Adventure,4.5552447944444445,2014
Family,4.5552447944444445,2014
Action,1.6419171444444445,2016
Adventure,1.6419171444444445,2016
Drama,1.6419171444444445,2016
Adventure,0.41062383888888887,2011
Drama,0.41062383888888887,2011
Family,0.41062383888888887,2011
Action,0.4198762555555556,2017
Adventure,0.4198762555555556,2017
Fantasy,0.4198762555555556,2017
Action,0.28192758659217876,2015
Adventure,0.28192758659217876,2015
Sci-Fi,0.28192758659217876,2015
Action,2.921236151685393,2016
Adventure,2.921236151685393,2016
Sci-Fi,2.921236151685393,2016
Action,2.7919913314606744,2018
Horror,2.7919913314606744,2018
Sci-Fi,2.7919913314606744,2018
Action,1.6446489438202248,2014
Sci-Fi,1.6446489438202248,2014
Adventure,5.918272588571429,2015
Animation,5.918272588571429,2015
Comedy,5.918272588571429,2015
Action,5.9392428,2017
Adventure,5.9392428,2017
Sci-Fi,5.9392428,2017
Action,5.120913948571428,2016
Adventure,5.120913948571428,2016
Fantasy,5.120913948571428,2016
Adventure,4.758480662857143,2017
Animation,4.758480662857143,2017
Comedy,4.758480662857143,2017
Adventure,2.0653856228571428,2017
Animation,2.0653856228571428,2017
Comedy,2.0653856228571428,2017
Action,0.021745154285714285,2017
Adventure,0.021745154285714285,2017
Drama,0.021745154285714285,2017
Action,0.08616737142857143,2013
Adventure,0.08616737142857143,2013
Drama,0.08616737142857143,2013
Action,9.13819152352941,2018
Adventure,9.13819152352941,2018
Sci-Fi,9.13819152352941,2018
Action,5.494350752941177,2014
Adventure,5.494350752941177,2014
Comedy,5.494350752941177,2014
Action,4.491704235294118,2010
Adventure,4.491704235294118,2010
Sci-Fi,4.491704235294118,2010
Action,4.7302873352941175,2014
Adventure,4.7302873352941175,2014
Sci-Fi,4.7302873352941175,2014
Action,4.4070009117647055,2014
Adventure,4.4070009117647055,2014
Drama,4.4070009117647055,2014
Action,2.271520594117647,2012
Adventure,2.271520594117647,2012
Drama,2.271520594117647,2012
Action,0.7650814117647059,2015
Adventure,0.7650814117647059,2015
Family,0.7650814117647059,2015
Adventure,1.0821793705882352,2016
Family,1.0821793705882352,2016
Fantasy,1.0821793705882352,2016
Adventure,5.030190666666667,2010
Animation,5.030190666666667,2010
Comedy,5.030190666666667,2010
Action,4.509372642424243,2016
Adventure,4.509372642424243,2016
Fantasy,4.509372642424243,2016
Action,4.30094336969697,2014
Adventure,4.30094336969697,2014
Animation,4.30094336969697,2014
Action,3.3178922666666666,2010
Adventure,3.3178922666666666,2010
Animation,3.3178922666666666,2010
Adventure,3.1571163515151515,2012
Animation,3.1571163515151515,2012
Comedy,3.1571163515151515,2012
Adventure,4.178165266666666,2014
Drama,4.178165266666666,2014
Sci-Fi,4.178165266666666,2014
Action,1.9534164242424243,2016
Adventure,1.9534164242424243,2016
Sci-Fi,1.9534164242424243,2016
Action,8.26222779375,2018
Adventure,8.26222779375,2018
Fantasy,8.26222779375,2018
Action,6.05063023125,2010
Adventure,6.05063023125,2010
Sci-Fi,6.05063023125,2010
Action,4.81694180625,2015
Adventure,4.81694180625,2015
Sci-Fi,4.81694180625,2015
Action,0.75710819375,2010
Adventure,0.75710819375,2010
Family,0.75710819375,2010
Action,1.9546746,2016
Adventure,1.9546746,2016
Fantasy,1.9546746,2016
Action,0.17972660897435896,2016
Drama,0.17972660897435896,2016
History,0.17972660897435896,2016
Adventure,2.3714445161290323,2010
Family,2.3714445161290323,2010
Fantasy,2.3714445161290323,2010
Action,3.1873186118421053,2017
Adventure,3.1873186118421053,2017
Drama,3.1873186118421053,2017
Action,7.22464524,2017
Adventure,7.22464524,2017
Fantasy,7.22464524,2017
Adventure,10.15471946,2013
Animation,10.15471946,2013
Comedy,10.15471946,2013
Adventure,8.071319093333333,2016
Animation,8.071319093333333,2016
Comedy,8.071319093333333,2016
Adventure,4.90849606,2016
Animation,4.90849606,2016
Comedy,4.90849606,2016
Action,4.673097706666667,2013
Adventure,4.673097706666667,2013
Fantasy,4.673097706666667,2013
Action,3.5993709866666665,2017
Drama,3.5993709866666665,2017
History,3.5993709866666665,2017
Action,3.2023816133333334,2011
Adventure,3.2023816133333334,2011
Fantasy,3.2023816133333334,2011
Action,4.533910733333333,2011
Adventure,4.533910733333333,2011
Animation,4.533910733333333,2011
Action,2.4915624933333334,2015
Adventure,2.4915624933333334,2015
Sci-Fi,2.4915624933333334,2015
Action,3.77986872,2018
Adventure,3.77986872,2018
Sci-Fi,3.77986872,2018
Action,2.00990712,2010
Adventure,2.00990712,2010
Family,2.00990712,2010
Action,1.59293444,2012
Adventure,1.59293444,2012
Fantasy,1.59293444,2012
Comedy,1.1195321133333334,2012
Fantasy,1.1195321133333334,2012
Horror,1.1195321133333334,2012
Action,0.85696114,2013
Drama,0.85696114,2013
Thriller,0.85696114,2013
Drama,0.36549494666666665,2010
Fantasy,0.36549494666666665,2010
Horror,0.36549494666666665,2010
Documentary,1.5309597133333332,2017
Adventure,0.24409528666666666,2015
Comedy,0.24409528666666666,2015
Family,0.24409528666666666,2015
Adventure,-0.59371656,2011
Animation,-0.59371656,2011
Family,-0.59371656,2011
Adventure,5.643536227586207,2012
Animation,5.643536227586207,2012
Comedy,5.643536227586207,2012
Action,4.459235820689655,2014
Adventure,4.459235820689655,2014
Animation,4.459235820689655,2014
Adventure,1.6297438620689655,2014
Animation,1.6297438620689655,2014
Comedy,1.6297438620689655,2014
Action,1.8297493793103448,2012
Adventure,1.8297493793103448,2012
Animation,1.8297493793103448,2012
Action,2.908744864285714,2011
Adventure,2.908744864285714,2011
Sci-Fi,2.908744864285714,2011
Action,3.72234115,2016
Adventure,3.72234115,2016
Animation,3.72234115,2016
Action,2.5590268928571427,2013
Adventure,2.5590268928571427,2013
Sci-Fi,2.5590268928571427,2013
Action,1.3809216142857144,2014
Adventure,1.3809216142857144,2014
Drama,1.3809216142857144,2014
Adventure,0.8223603571428572,2016
Family,0.8223603571428572,2016
Fantasy,0.8223603571428572,2016
Action,0.21421585714285715,2016
Adventure,0.21421585714285715,2016
Fantasy,0.21421585714285715,2016
Action,4.631384074074074,2013
Adventure,4.631384074074074,2013
Animation,4.631384074074074,2013
Action,4.307971822222222,2015
Adventure,4.307971822222222,2015
Biography,4.307971822222222,2015
Adventure,1.734831162962963,2011
Animation,1.734831162962963,2011
Comedy,1.734831162962963,2011
Adventure,1.7401830222222223,2013
Animation,1.7401830222222223,2013
Comedy,1.7401830222222223,2013
Action,1.425036851851852,2016
Adventure,1.425036851851852,2016
Comedy,1.425036851851852,2016
Adventure,0.6441698666666666,2011
Animation,0.6441698666666666,2011
Comedy,0.6441698666666666,2011
Adventure,0.6941516177577126,2018
Family,0.6941516177577126,2018
Fantasy,0.6941516177577126,2018
Adventure,2.4113139545454545,2014
Animation,2.4113139545454545,2014
Comedy,2.4113139545454545,2014
Action,8.919508415384616,2013
Adventure,8.919508415384616,2013
Sci-Fi,8.919508415384616,2013
Action,5.45994923076923,2018
Adventure,5.45994923076923,2018
Comedy,5.45994923076923,2018
Action,4.377389323076923,2015
Adventure,4.377389323076923,2015
Comedy,4.377389323076923,2015
Comedy,2.9498996615384616,2018
Family,2.9498996615384616,2018
Fantasy,2.9498996615384616,2018
Action,4.4172921615384615,2011
Adventure,4.4172921615384615,2011
Animation,4.4172921615384615,2011
Action,2.617715853846154,2010
Animation,2.617715853846154,2010
Comedy,2.617715853846154,2010
Adventure,3.802959430769231,2014
Animation,3.802959430769231,2014
Comedy,3.802959430769231,2014
Action,2.145860476923077,2010
Mystery,2.145860476923077,2010
Thriller,2.145860476923077,2010
Action,2.4925469923076924,2014
Adventure,2.4925469923076924,2014
Drama,2.4925469923076924,2014
Action,2.473736784615385,2011
Adventure,2.473736784615385,2011
Animation,2.473736784615385,2011
Action,1.4001674,2013
Adventure,1.4001674,2013
Drama,1.4001674,2013
Action,-0.13311128461538463,2013
Adventure,-0.13311128461538463,2013
Comedy,-0.13311128461538463,2013
Adventure,2.6811278897637796,2014
Comedy,2.6811278897637796,2014
Family,2.6811278897637796,2014
Action,7.829688128,2014
Adventure,7.829688128,2014
Sci-Fi,7.829688128,2014
Action,5.721558232,2011
Crime,5.721558232,2011
Thriller,5.721558232,2011
Action,4.780094888,2011
Adventure,4.780094888,2011
Crime,4.780094888,2011
Adventure,4.48705436,2017
Animation,4.48705436,2017
Comedy,4.48705436,2017
Adventure,2.982857584,2016
Animation,2.982857584,2016
Comedy,2.982857584,2016
Adventure,3.231402792,2012
Mystery,3.231402792,2012
Sci-Fi,3.231402792,2012
Action,2.14847832,2012
Adventure,2.14847832,2012
Thriller,2.14847832,2012
Action,1.980285232,2018
Adventure,1.980285232,2018
Thriller,1.980285232,2018
Action,3.8196769666666666,2016
Thriller,3.8196769666666666,2016
Adventure,5.215825208333333,2012
Drama,5.215825208333333,2012
Fantasy,5.215825208333333,2012
Action,2.1603517333333335,2013
Drama,2.1603517333333335,2013
Sci-Fi,2.1603517333333335,2013
Action,2.1418655666666666,2013
Adventure,2.1418655666666666,2013
Sci-Fi,2.1418655666666666,2013
Action,0.8663894583333334,2015
Adventure,0.8663894583333334,2015
Drama,0.8663894583333334,2015
Action,3.7740322086956524,2013
Adventure,3.7740322086956524,2013
Sci-Fi,3.7740322086956524,2013
Adventure,1.4535456160714286,2010
Comedy,1.4535456160714286,2010
Family,1.4535456160714286,2010
Adventure,2.3716964864864867,2017
Animation,2.3716964864864867,2017
Comedy,2.3716964864864867,2017
Action,9.102475381818182,2018
Adventure,9.102475381818182,2018
Comedy,9.102475381818182,2018
Drama,7.798103436363636,2013
Sci-Fi,7.798103436363636,2013
Thriller,7.798103436363636,2013
Action,4.558630645454546,2015
Adventure,4.558630645454546,2015
Drama,4.558630645454546,2015
Adventure,5.421486190909091,2011
Animation,5.421486190909091,2011
Comedy,5.421486190909091,2011
Action,1.9812322272727272,2011
Comedy,1.9812322272727272,2011
Crime,1.9812322272727272,2011
Action,2.1758513636363634,2011
Drama,2.1758513636363634,2011
Family,2.1758513636363634,2011
Action,1.3133024545454546,2010
Adventure,1.3133024545454546,2010
Thriller,1.3133024545454546,2010
Adventure,2.8142300636363635,2013
Animation,2.8142300636363635,2013
Comedy,2.8142300636363635,2013
Action,0.7247315818181819,2013
Adventure,0.7247315818181819,2013
Fantasy,0.7247315818181819,2013
Adventure,7.182454685185185,2015
Drama,7.182454685185185,2015
Sci-Fi,7.182454685185185,2015
Action,0.5034408018867924,2016
Drama,0.5034408018867924,2016
Romance,0.5034408018867924,2016
Adventure,3.4401875238095236,2016
Animation,3.4401875238095236,2016
Comedy,3.4401875238095236,2016
Action,3.8946012884615384,2017
Adventure,3.8946012884615384,2017
Comedy,3.8946012884615384,2017
Adventure,1.2706843689320388,2018
Family,1.2706843689320388,2018
Fantasy,1.2706843689320388,2018
Action,4.807756647058824,2018
Adventure,4.807756647058824,2018
Sci-Fi,4.807756647058824,2018
Action,0.5468767254901961,2012
Drama,0.5468767254901961,2012
Mystery,0.5468767254901961,2012
Drama,5.12753757,2012
Western,5.12753757,2012
Comedy,3.59089174,2010
Romance,3.59089174,2010
Action,1.90156448,2010
Comedy,1.90156448,2010
Crime,1.90156448,2010
Biography,4.06771108,2013
Crime,4.06771108,2013
Drama,4.06771108,2013
Adventure,2.70313123,2013
Animation,2.70313123,2013
Family,2.70313123,2013
Action,2.97007448,2012
Adventure,2.97007448,2012
Thriller,2.97007448,2012
Action,2.46362526,2010
Adventure,2.46362526,2010
Thriller,2.46362526,2010
Action,0.9539203,2010
Adventure,0.9539203,2010
Animation,0.9539203,2010
Action,1.48783922,2014
Adventure,1.48783922,2014
Thriller,1.48783922,2014
Action,0.33020357,2010
Drama,0.33020357,2010
Thriller,0.33020357,2010
Action,1.54496169,2017
Sci-Fi,1.54496169,2017
Thriller,1.54496169,2017
Action,0.14714067,2015
Adventure,0.14714067,2015
Biography,0.14714067,2015
Action,0.26061567,2014
Drama,0.26061567,2014
Sci-Fi,0.26061567,2014
Action,0.01238457,2018
Adventure,0.01238457,2018
Fantasy,0.01238457,2018
Adventure,2.8411113232323233,2015
Animation,2.8411113232323233,2015
Comedy,2.8411113232323233,2015
Horror,2.2245698762886597,2017
Sci-Fi,2.2245698762886597,2017
Thriller,2.2245698762886597,2017
Adventure,9.958810315789474,2012
Animation,9.958810315789474,2012
Comedy,9.958810315789474,2012
Comedy,3.1055628421052632,2010
Drama,3.1055628421052632,2010
Romance,3.1055628421052632,2010
Comedy,1.0191104421052632,2012
Action,1.6029880315789473,2010
Thriller,1.6029880315789473,2010
Action,5.965014892473119,2011
Drama,5.965014892473119,2011
Sci-Fi,5.965014892473119,2011
Action,3.039113,2013
Thriller,3.039113,2013
Adventure,1.704373857142857,2013
Comedy,1.704373857142857,2013
Drama,1.704373857142857,2013
Action,14.211167877777777,2017
Adventure,14.211167877777777,2017
Comedy,14.211167877777777,2017
Adventure,6.012662422222222,2011
Animation,6.012662422222222,2011
Comedy,6.012662422222222,2011
Adventure,2.7267215888888887,2015
Animation,2.7267215888888887,2015
Comedy,2.7267215888888887,2015
Action,2.5867532222222223,2015
Comedy,2.5867532222222223,2015
Sci-Fi,2.5867532222222223,2015
Adventure,1.9935456444444444,2013
Family,1.9935456444444444,2013
Fantasy,1.9935456444444444,2013
Action,3.371117188888889,2016
Adventure,3.371117188888889,2016
Comedy,3.371117188888889,2016
Action,2.6858700444444445,2018
Adventure,2.6858700444444445,2018
Fantasy,2.6858700444444445,2018
Action,-0.7704280555555556,2010
Family,-0.7704280555555556,2010
Fantasy,-0.7704280555555556,2010
Action,4.023092470588235,2014
Adventure,4.023092470588235,2014
Mystery,4.023092470588235,2014
Animation,5.197868941176471,2012
Comedy,5.197868941176471,2012
Family,5.197868941176471,2012
Action,2.9379269647058823,2012
Adventure,2.9379269647058823,2012
Crime,2.9379269647058823,2012
Action,1.6878766588235294,2011
Comedy,1.6878766588235294,2011
Crime,1.6878766588235294,2011
Adventure,1.8064546941176471,2012
Comedy,1.8064546941176471,2012
Drama,1.8064546941176471,2012
Adventure,1.3079952117647058,2011
Animation,1.3079952117647058,2011
Comedy,1.3079952117647058,2011
Action,0.8424957176470588,2010
Comedy,0.8424957176470588,2010
Family,0.8424957176470588,2010
Biography,5.678639571428572,2017
Drama,5.678639571428572,2017
Musical,5.678639571428572,2017
Action,3.528496317073171,2010
Adventure,3.528496317073171,2010
Thriller,3.528496317073171,2010
Action,12.5741758875,2012
Adventure,12.5741758875,2012
Sci-Fi,12.5741758875,2012
Comedy,9.511607625,2011
Mystery,9.511607625,2011
Animation,6.9900051,2015
Comedy,6.9900051,2015
Family,6.9900051,2015
Comedy,3.7586541625,2013
Adventure,5.0274489,2011
Animation,5.0274489,2011
Comedy,5.0274489,2011
Mystery,4.34343395,2010
Thriller,4.34343395,2010
Adventure,2.8127587625,2010
Animation,2.8127587625,2010
Comedy,2.8127587625,2010
Action,2.16982345,2010
Adventure,2.16982345,2010
Drama,2.16982345,2010
Adventure,2.71164225,2018
Animation,2.71164225,2018
Comedy,2.71164225,2018
Comedy,2.1395798875,2011
Family,2.1395798875,2011
Romance,2.1395798875,2011
Action,0.97733215,2015
Adventure,0.97733215,2015
Fantasy,0.97733215,2015
Action,0.645475825,2014
Adventure,0.645475825,2014
Drama,0.645475825,2014
Action,4.3418538227848105,2012
Adventure,4.3418538227848105,2012
Comedy,4.3418538227848105,2012
Comedy,1.8440173924050633,2011
Adventure,4.053669435897436,2013
Animation,4.053669435897436,2013
Comedy,4.053669435897436,2013
Action,2.799188233766234,2018
Crime,2.799188233766234,2018
Thriller,2.799188233766234,2018
Adventure,16.67476605263158,2013
Animation,16.67476605263158,2013
Comedy,16.67476605263158,2013
Adventure,15.73513152,2016
Animation,15.73513152,2016
Comedy,15.73513152,2016
Animation,11.063784453333334,2016
Comedy,11.063784453333334,2016
Family,11.063784453333334,2016
Adventure,16.324694,2017
Animation,16.324694,2017
Comedy,16.324694,2017
Comedy,4.789661546666666,2010
Crime,5.139909186666666,2013
Mystery,5.139909186666666,2013
Thriller,5.139909186666666,2013
Action,2.93421936,2011
Drama,2.93421936,2011
Fantasy,2.93421936,2011
Action,0.9017694933333333,2010
Comedy,0.9017694933333333,2010
Romance,0.9017694933333333,2010
Action,0.68201188,2011
Adventure,0.68201188,2011
Fantasy,0.68201188,2011
Action,2.384839213333333,2016
Adventure,2.384839213333333,2016
Crime,2.384839213333333,2016
Adventure,19.221377608108106,2015
Animation,19.221377608108106,2015
Comedy,19.221377608108106,2015
Adventure,5.405502878378378,2015
Animation,5.405502878378378,2015
Comedy,5.405502878378378,2015
Action,2.8829502857142857,2013
Thriller,2.8829502857142857,2013
Drama,2.381412685714286,2011
History,2.381412685714286,2011
War,2.381412685714286,2011
Comedy,2.3819195428571427,2014
Drama,2.3819195428571427,2014
History,2.3819195428571427,2014
Adventure,2.6576101285714286,2016
Animation,2.6576101285714286,2016
Comedy,2.6576101285714286,2016
Action,2.9461943285714285,2014
Drama,2.9461943285714285,2014
Fantasy,2.9461943285714285,2014
Comedy,0.7003165,2011
Drama,0.7003165,2011
Comedy,0.4221506428571429,2012
Drama,0.4221506428571429,2012
Musical,0.4221506428571429,2012
Action,0.0974617,2016
Drama,0.0974617,2016
History,0.0974617,2016
Action,0.8410275714285714,2013
Crime,0.8410275714285714,2013
Mystery,0.8410275714285714,2013
Action,0.2933433142857143,2011
Crime,0.2933433142857143,2011
Thriller,0.2933433142857143,2011
Action,0.1114551,2014
Adventure,0.1114551,2014
Fantasy,0.1114551,2014
Action,-0.6047002285714286,2015
Crime,-0.6047002285714286,2015
Thriller,-0.6047002285714286,2015
Animation,10.521428376811594,2010
Comedy,10.521428376811594,2010
Family,10.521428376811594,2010
Comedy,1.3162730289855074,2010
Action,1.7945850144927535,2018
Drama,1.7945850144927535,2018
Thriller,1.7945850144927535,2018
Adventure,13.803449691176471,2010
Drama,13.803449691176471,2010
Fantasy,13.803449691176471,2010
Comedy,3.3925077647058823,2015
Comedy,0.9446207205882353,2011
Romance,0.9446207205882353,2011
Drama,0.16048125,2017
Sci-Fi,0.16048125,2017
Action,1.592723985185185,2012
Fantasy,1.592723985185185,2012
Horror,1.592723985185185,2012
Action,2.602092818181818,2014
Crime,2.602092818181818,2014
Thriller,2.602092818181818,2014
Biography,6.008526984615385,2012
Drama,6.008526984615385,2012
History,6.008526984615385,2012
Adventure,9.685846984615385,2018
Animation,9.685846984615385,2018
Comedy,9.685846984615385,2018
Biography,3.2948572153846154,2014
Drama,3.2948572153846154,2014
Sport,3.2948572153846154,2014
Adventure,3.8042782461538462,2010
Comedy,3.8042782461538462,2010
Comedy,2.6892172153846152,2012
Action,2.257466892307692,2012
Comedy,2.257466892307692,2012
Romance,2.257466892307692,2012
Action,3.353740923076923,2012
Horror,3.353740923076923,2012
Sci-Fi,3.353740923076923,2012
Action,0.4407781538461538,2014
Fantasy,0.4407781538461538,2014
Horror,0.4407781538461538,2014
Adventure,3.71020473015873,2011
Animation,3.71020473015873,2011
Comedy,3.71020473015873,2011
Action,0.6596795873015873,2017
Thriller,0.6596795873015873,2017
Crime,2.257779064516129,2015
Drama,2.257779064516129,2015
Mystery,2.257779064516129,2015
Drama,7.792366852459017,2014
Mystery,7.792366852459017,2014
Thriller,7.792366852459017,2014
Action,5.4305467868852455,2015
Sci-Fi,5.4305467868852455,2015
Thriller,5.4305467868852455,2015
Action,2.4115651639344264,2013
Comedy,2.4115651639344264,2013
Crime,2.4115651639344264,2013
Action,4.310016049180327,2018
Sci-Fi,4.310016049180327,2018
Thriller,4.310016049180327,2018
Biography,5.059909816666667,2016
Drama,5.059909816666667,2016
Drama,3.7862133166666667,2010
Romance,3.7862133166666667,2010
Action,3.9573578666666664,2012
Crime,3.9573578666666664,2012
Thriller,3.9573578666666664,2012
Action,2.55349485,2011
Drama,2.55349485,2011
Thriller,2.55349485,2011
Action,3.29530575,2016
Thriller,3.29530575,2016
Action,2.644059416666667,2016
Thriller,2.644059416666667,2016
Action,2.8987328166666666,2017
Comedy,2.8987328166666666,2017
Crime,2.8987328166666666,2017
Drama,1.6264215166666667,2015
Adventure,1.73537855,2012
Animation,1.73537855,2012
Comedy,1.73537855,2012
Adventure,1.7130592666666666,2014
Animation,1.7130592666666666,2014
Comedy,1.7130592666666666,2014
Action,1.7360475333333334,2017
Adventure,1.7360475333333334,2017
Fantasy,1.7360475333333334,2017
Action,2.0325804,2014
Drama,2.0325804,2014
Thriller,2.0325804,2014
Biography,0.97865755,2018
Comedy,0.97865755,2018
Drama,0.97865755,2018
Action,1.5016967666666667,2013
Crime,1.5016967666666667,2013
Drama,1.5016967666666667,2013
Adventure,3.0433144666666667,2017
Animation,3.0433144666666667,2017
Comedy,3.0433144666666667,2017
Biography,1.5023395,2018
Drama,1.5023395,2018
History,1.5023395,2018
Crime,1.1021057666666667,2010
Drama,1.1021057666666667,2010
Mystery,1.1021057666666667,2010
Drama,0.3930341666666667,2012
Sport,0.3930341666666667,2012
Action,0.7855164666666666,2013
Fantasy,0.7855164666666666,2013
Horror,0.7855164666666666,2013
Action,0.8881775333333334,2011
Adventure,0.8881775333333334,2011
Fantasy,0.8881775333333334,2011
Action,-0.36512886666666666,2015
Comedy,-0.36512886666666666,2015
Crime,-0.36512886666666666,2015
Adventure,1.2164495254237289,2018
Animation,1.2164495254237289,2018
Comedy,1.2164495254237289,2018
Action,19.070625896551725,2016
Adventure,19.070625896551725,2016
Comedy,19.070625896551725,2016
Action,14.473323172413792,2014
Biography,14.473323172413792,2014
Drama,14.473323172413792,2014
Adventure,3.1202548620689656,2015
Comedy,3.1202548620689656,2015
Family,3.1202548620689656,2015
Action,0.7283081896551724,2012
Adventure,0.7283081896551724,2012
Drama,0.7283081896551724,2012
Comedy,1.385267724137931,2013
Action,5.19135227826087,2010
Adventure,5.19135227826087,2010
Horror,5.19135227826087,2010
Comedy,0.6524578086956522,2012
Adventure,5.069729056939502,2014
Comedy,5.069729056939502,2014
Drama,5.069729056939502,2014
Biography,19.205248745454547,2018
Drama,19.205248745454547,2018
Music,19.205248745454547,2018
Drama,8.0151364,2017
Romance,8.0151364,2017
Biography,4.959720018181819,2013
Drama,4.959720018181819,2013
Thriller,4.959720018181819,2013
Action,4.353352036363637,2014
Crime,4.353352036363637,2014
Thriller,4.353352036363637,2014
Drama,7.577425072727273,2018
Romance,7.577425072727273,2018
Thriller,7.577425072727273,2018
Comedy,3.563280672727273,2010
Crime,3.563280672727273,2010
Romance,3.563280672727273,2010
Adventure,2.020682763636364,2013
Animation,2.020682763636364,2013
Comedy,2.020682763636364,2013
Adventure,1.3725671636363637,2014
Comedy,1.3725671636363637,2014
Crime,1.3725671636363637,2014
Action,1.283112909090909,2016
Adventure,1.283112909090909,2016
Animation,1.283112909090909,2016
Drama,1.363515090909091,2010
Music,1.363515090909091,2010
Musical,1.363515090909091,2010
Action,0.8451462727272727,2012
Comedy,0.8451462727272727,2012
Horror,0.8451462727272727,2012
Drama,0.9283122545454545,2015
Fantasy,0.9283122545454545,2015
Horror,0.9283122545454545,2015
Biography,2.045538679245283,2015
Crime,2.045538679245283,2015
Drama,2.045538679245283,2015
Drama,3.387298114285714,2012
Thriller,3.387298114285714,2012
Comedy,5.308749653846154,2010
Romance,5.308749653846154,2010
Comedy,1.1777016346153846,2011
Fantasy,1.1777016346153846,2011
Adventure,1.6563970980392158,2018
Drama,1.6563970980392158,2018
Family,1.6563970980392158,2018
Romance,2.7734456175298803,2011
Sci-Fi,2.7734456175298803,2011
Thriller,2.7734456175298803,2011
Comedy,14.49364734,2012
Fantasy,14.49364734,2012
Action,9.46106426,2014
Comedy,9.46106426,2014
Crime,9.46106426,2014
Action,5.89271352,2016
Comedy,5.89271352,2016
Crime,5.89271352,2016
Comedy,4.99076922,2013
Mystery,6.69953848,2011
Sci-Fi,6.69953848,2011
Thriller,6.69953848,2011
Drama,5.58614822,2018
Sport,5.58614822,2018
Adventure,8.2474114,2018
Animation,8.2474114,2018
Comedy,8.2474114,2018
Crime,4.49324166,2018
Drama,4.49324166,2018
Thriller,4.49324166,2018
Action,5.2825043,2014
Mystery,5.2825043,2014
Thriller,5.2825043,2014
Adventure,5.0530365,2017
Animation,5.0530365,2017
Comedy,5.0530365,2017
Biography,4.23304676,2017
Drama,4.23304676,2017
History,4.23304676,2017
Comedy,2.88707246,2011
Drama,2.88707246,2011
Family,2.88707246,2011
Biography,2.73812654,2011
Drama,2.73812654,2011
Sport,2.73812654,2011
Comedy,4.87116092,2012
Action,2.73822424,2017
Biography,2.73822424,2017
Comedy,2.73822424,2017
Crime,1.46477552,2014
Drama,1.46477552,2014
Comedy,1.58538052,2016
Crime,1.58538052,2016
Drama,1.58538052,2016
Action,0.9171702,2016
Comedy,0.9171702,2016
Crime,0.9171702,2016
Comedy,1.47081436,2010
Family,1.47081436,2010
Drama,1.82814422,2010
Fantasy,1.82814422,2010
Romance,1.82814422,2010
Comedy,0.68394772,2016
Action,0.86846576,2015
Drama,0.86846576,2015
Thriller,0.86846576,2015
Adventure,-0.04563834,2011
Comedy,-0.04563834,2011
Fantasy,-0.04563834,2011
Biography,0.13936874,2016
Drama,0.13936874,2016
Thriller,0.13936874,2016
Drama,0.25889012,2011
Mystery,0.25889012,2011
Thriller,0.25889012,2011
Action,-0.11905424,2016
Biography,-0.11905424,2016
Drama,-0.11905424,2016
Action,0.03527232,2011
Fantasy,0.03527232,2011
Thriller,0.03527232,2011
Adventure,0.07106868,2018
Animation,0.07106868,2018
Comedy,0.07106868,2018
Crime,-0.81542898,2015
Drama,-0.81542898,2015
History,-0.81542898,2015
Action,1.7871698775510203,2015
Crime,1.7871698775510203,2015
Drama,1.7871698775510203,2015
Drama,0.7106325306122449,2012
Romance,0.7106325306122449,2012
Comedy,2.8979046875,2018
Drama,2.8979046875,2018
Comedy,2.596513375,2010
Family,2.596513375,2010
Fantasy,2.596513375,2010
Biography,-0.23884395789473684,2016
Crime,-0.23884395789473684,2016
Drama,-0.23884395789473684,2016
Drama,5.461149638297872,2016
Mystery,5.461149638297872,2016
Sci-Fi,5.461149638297872,2016
Action,-0.5410678085106383,2010
Drama,-0.5410678085106383,2010
Fantasy,-0.5410678085106383,2010
Crime,2.7914044347826086,2013
Drama,2.7914044347826086,2013
Mystery,2.7914044347826086,2013
Action,10.503593133333334,2012
Thriller,10.503593133333334,2012
Comedy,5.4585320444444445,2017
Music,5.4585320444444445,2017
Adventure,4.5466187555555555,2011
Comedy,4.5466187555555555,2011
Family,4.5466187555555555,2011
Action,3.508223666666667,2010
Comedy,3.508223666666667,2010
Romance,3.508223666666667,2010
Comedy,2.2464620666666666,2016
Comedy,2.872921822222222,2014
Romance,2.872921822222222,2014
Biography,1.2177590444444444,2017
Drama,1.2177590444444444,2017
Music,1.2177590444444444,2017
Drama,0.8016453333333333,2010
Mystery,0.8016453333333333,2010
Thriller,0.8016453333333333,2010
Action,0.21960711111111111,2012
Crime,0.21960711111111111,2012
Sci-Fi,0.21960711111111111,2012
Comedy,-0.22989895555555556,2011
Drama,-0.22989895555555556,2011
Biography,-0.4747012888888889,2018
Comedy,-0.4747012888888889,2018
Drama,-0.4747012888888889,2018
Action,2.845491377777778,2011
Adventure,2.845491377777778,2011
Comedy,2.845491377777778,2011
Biography,7.161039550561798,2012
Drama,7.161039550561798,2012
Thriller,7.161039550561798,2012
Drama,0.8110078863636364,2010
Fantasy,0.8110078863636364,2010
Romance,0.8110078863636364,2010
Action,8.053706069767442,2013
Comedy,8.053706069767442,2013
Crime,8.053706069767442,2013
Action,1.4816209647058824,2011
Crime,1.4816209647058824,2011
Thriller,1.4816209647058824,2011
Action,7.1252403809523805,2012
Comedy,7.1252403809523805,2012
Crime,7.1252403809523805,2012
Action,1.4691513095238096,2017
Adventure,1.4691513095238096,2017
Comedy,1.4691513095238096,2017
Action,1.8221327619047618,2012
Comedy,1.8221327619047618,2012
Sport,1.8221327619047618,2012
Fantasy,2.0795381904761903,2011
Horror,2.0795381904761903,2011
Mystery,2.0795381904761903,2011
Action,0.6247961904761905,2012
Adventure,0.6247961904761905,2012
Crime,0.6247961904761905,2012
Action,-0.6623651190476191,2010
Fantasy,-0.6623651190476191,2010
Western,-0.6623651190476191,2010
Comedy,-0.6368619024390244,2011
Action,12.2091639,2010
Drama,12.2091639,2010
Family,12.2091639,2010
Drama,17.429133275,2015
Romance,17.429133275,2015
Thriller,17.429133275,2015
Crime,9.199902525,2013
Drama,9.199902525,2013
Action,13.6020434,2014
Sci-Fi,13.6020434,2014
Thriller,13.6020434,2014
Action,5.872505825,2013
Biography,5.872505825,2013
Drama,5.872505825,2013
Biography,7.047120725,2010
Drama,7.047120725,2010
Action,4.392250025,2016
Comedy,4.392250025,2016
Crime,4.392250025,2016
Comedy,3.92307265,2015
Crime,3.92307265,2015
Action,4.9805532,2016
Crime,4.9805532,2016
Drama,4.9805532,2016
Adventure,5.06904005,2014
Comedy,5.06904005,2014
Comedy,5.82200955,2015
Drama,5.82200955,2015
Drama,4.8703023,2015
History,4.8703023,2015
Thriller,4.8703023,2015
Biography,4.902857425,2016
Drama,4.902857425,2016
History,4.902857425,2016
Action,3.995237,2011
Mystery,3.995237,2011
Thriller,3.995237,2011
Adventure,2.815235025,2010
Comedy,2.815235025,2010
Music,2.815235025,2010
Crime,2.62885715,2011
Drama,2.62885715,2011
Thriller,2.62885715,2011
Comedy,3.00976785,2014
Crime,3.00976785,2014
Action,3.480876925,2010
Adventure,3.480876925,2010
Sci-Fi,3.480876925,2010
Comedy,1.677565225,2012
Drama,1.677565225,2012
Family,1.677565225,2012
Biography,1.808243625,2014
Drama,1.808243625,2014
Music,1.808243625,2014
Horror,3.9399702,2011
Crime,1.906718,2018
Drama,1.906718,2018
Thriller,1.906718,2018
Comedy,3.11532455,2014
Romance,3.11532455,2014
Horror,2.35426295,2011
Mystery,2.35426295,2011
Adventure,2.464376275,2011
Comedy,2.464376275,2011
Sci-Fi,2.464376275,2011
Comedy,0.960722225,2012
Drama,0.960722225,2012
Action,1.7240279,2011
Drama,1.7240279,2011
Thriller,1.7240279,2011
Action,2.458232225,2018
Mystery,2.458232225,2018
Thriller,2.458232225,2018
Action,1.11810875,2016
Crime,1.11810875,2016
Drama,1.11810875,2016
Comedy,1.27017005,2010
Drama,1.27017005,2010
Romance,1.27017005,2010
Comedy,1.490363,2013
Drama,1.490363,2013
Sport,1.490363,2013
Adventure,1.145222775,2017
Animation,1.145222775,2017
Comedy,1.145222775,2017
Comedy,0.419423225,2017
Crime,0.419423225,2017
Action,1.8988457,2011
Adventure,1.8988457,2011
Fantasy,1.8988457,2011
Action,2.273931075,2016
Adventure,2.273931075,2016
Thriller,2.273931075,2016
Biography,0.1356495,2012
Drama,0.1356495,2012
Family,0.1356495,2012
Comedy,-0.018984675,2012
Drama,-0.018984675,2012
Action,-0.2685256,2015
Crime,-0.2685256,2015
Drama,-0.2685256,2015
Drama,-0.406764475,2013
Thriller,-0.406764475,2013
Action,-0.0730123,2018
Adventure,-0.0730123,2018
Crime,-0.0730123,2018
Drama,-0.077513925,2015
Horror,-0.077513925,2015
Sci-Fi,-0.077513925,2015
Animation,1.9856045128205129,2012
Comedy,1.9856045128205129,2012
Family,1.9856045128205129,2012
Action,4.276286157894737,2017
Animation,4.276286157894737,2017
Comedy,4.276286157894737,2017
Action,3.7037431578947366,2015
Comedy,3.7037431578947366,2015
Crime,3.7037431578947366,2015
Comedy,3.677603736842105,2016
Drama,3.6189324736842106,2011
Romance,3.6189324736842106,2011
Comedy,3.1911188947368423,2010
Drama,3.1911188947368423,2010
Romance,3.1911188947368423,2010
Action,2.599707710526316,2013
Adventure,2.599707710526316,2013
Sci-Fi,2.599707710526316,2013
Action,2.8486678947368422,2016
Adventure,2.8486678947368422,2016
Drama,2.8486678947368422,2016
Comedy,2.4566725066666666,2012
Drama,2.4566725066666666,2012
Romance,2.4566725066666666,2012
Drama,0.7838553333333333,2012
Comedy,10.302983648648649,2013
Crime,10.302983648648649,2013
Drama,6.657707081081081,2015
Sport,6.657707081081081,2015
Crime,5.614949810810811,2010
Drama,5.614949810810811,2010
Thriller,5.614949810810811,2010
Drama,3.5501487297297296,2011
Family,3.5501487297297296,2011
Action,4.042085135135135,2018
Comedy,4.042085135135135,2018
Crime,4.042085135135135,2018
Action,1.7239294864864865,2010
Comedy,1.7239294864864865,2010
Crime,1.7239294864864865,2010
Drama,2.5186924324324322,2011
Horror,2.5186924324324322,2011
Mystery,2.5186924324324322,2011
Comedy,0.2551113783783784,2015
Drama,0.2551113783783784,2015
Romance,0.2551113783783784,2015
Comedy,2.2288224722222223,2010
Sci-Fi,2.2288224722222223,2010
Drama,1.7735851666666667,2014
Family,1.7735851666666667,2014
Drama,2.231253166666667,2016
Romance,2.231253166666667,2016
Biography,-0.8586021111111111,2011
Drama,-0.8586021111111111,2011
War,-0.8586021111111111,2011
Horror,28.283991914285714,2017
Thriller,28.283991914285714,2017
Adventure,11.100569514285715,2010
Drama,11.100569514285715,2010
Western,11.100569514285715,2010
Adventure,7.853385657142857,2013
Comedy,7.853385657142857,2013
Crime,7.853385657142857,2013
Comedy,8.427318857142858,2011
Crime,8.427318857142858,2011
Comedy,6.181045628571429,2015
Drama,6.181045628571429,2015
Romance,6.181045628571429,2015
Biography,4.664636742857143,2013
Comedy,4.664636742857143,2013
Drama,4.664636742857143,2013
Biography,2.430736,2010
Drama,2.430736,2010
Family,2.430736,2010
Comedy,4.782818428571429,2011
Romance,4.782818428571429,2011
Comedy,3.6885243142857145,2016
Action,2.5986013142857143,2018
Crime,2.5986013142857143,2018
Drama,2.5986013142857143,2018
Adventure,2.9996799714285713,2018
Comedy,2.9996799714285713,2018
Family,2.9996799714285713,2018
Action,2.3410883142857144,2018
Drama,2.3410883142857144,2018
History,2.3410883142857144,2018
Comedy,1.9751601428571428,2011
Drama,1.9751601428571428,2011
Romance,1.9751601428571428,2011
Action,4.790225257142857,2011
Crime,4.790225257142857,2011
Drama,4.790225257142857,2011
Biography,2.4832017142857143,2011
Crime,2.4832017142857143,2011
Drama,2.4832017142857143,2011
Action,1.9258251142857143,2018
Adventure,1.9258251142857143,2018
Thriller,1.9258251142857143,2018
Action,1.2929060857142858,2015
Comedy,1.2929060857142858,2015
Crime,1.2929060857142858,2015
Action,4.005053342857143,2017
Thriller,4.005053342857143,2017
Action,1.5526343428571427,2018
Adventure,1.5526343428571427,2018
Biography,1.5526343428571427,2018
Action,2.278157542857143,2011
Mystery,2.278157542857143,2011
Thriller,2.278157542857143,2011
Action,0.7518620285714286,2012
Crime,0.7518620285714286,2012
Mystery,0.7518620285714286,2012
Biography,0.3838308857142857,2016
Comedy,0.3838308857142857,2016
Drama,0.3838308857142857,2016
Action,1.9900072285714285,2015
Adventure,1.9900072285714285,2015
Crime,1.9900072285714285,2015
Action,0.47624705714285714,2012
Crime,0.47624705714285714,2012
Thriller,0.47624705714285714,2012
Crime,0.5480345428571428,2013
Drama,0.5480345428571428,2013
Thriller,0.5480345428571428,2013
Comedy,0.6277326285714285,2010
Family,0.6277326285714285,2010
Action,0.8902865428571428,2013
Crime,0.8902865428571428,2013
Thriller,0.8902865428571428,2013
Drama,1.1436426,2011
Fantasy,1.1436426,2011
Comedy,-0.3304699428571429,2015
Drama,-0.3304699428571429,2015
Adventure,1.0472367714285715,2015
Biography,1.0472367714285715,2015
Drama,1.0472367714285715,2015
Biography,0.09181391428571428,2013
Drama,0.09181391428571428,2013
History,0.09181391428571428,2013
Crime,0.42562602857142856,2017
Drama,0.42562602857142856,2017
Mystery,0.42562602857142856,2017
Comedy,-0.5411856,2016
Drama,-0.5411856,2016
Romance,-0.5411856,2016
Action,1.421701408045977,2011
Adventure,1.421701408045977,2011
Horror,1.421701408045977,2011
Action,8.8802955,2017
Crime,8.8802955,2017
Drama,8.8802955,2017
Action,12.257285970588235,2014
Mystery,12.257285970588235,2014
Sci-Fi,12.257285970588235,2014
Drama,1.9779130882352942,2015
Romance,1.9779130882352942,2015
Action,0.5016799705882353,2018
Adventure,0.5016799705882353,2018
Drama,0.5016799705882353,2018
Adventure,2.6941749393939394,2016
Comedy,2.6941749393939394,2016
Romance,2.6941749393939394,2016
Drama,5.0796050606060605,2012
Music,5.0796050606060605,2012
Romance,5.0796050606060605,2012
Comedy,13.118268953846155,2011
Romance,13.118268953846155,2011
Comedy,1.1613944307692308,2013
Drama,1.1613944307692308,2013
Romance,1.1613944307692308,2013
Comedy,0.27532581538461537,2012
Romance,0.27532581538461537,2012
Action,3.010374625,2010
Crime,3.010374625,2010
Thriller,3.010374625,2010
Action,5.0981476875,2011
Drama,5.0981476875,2011
Sci-Fi,5.0981476875,2011
Comedy,3.3859186875,2018
Romance,3.3859186875,2018
Action,2.75774575,2011
Comedy,2.75774575,2011
Crime,2.75774575,2011
Adventure,0.5603278125,2013
Comedy,0.5603278125,2013
Fantasy,0.5603278125,2013
Comedy,0.91900903125,2010
Romance,0.91900903125,2010
Action,0.00428890625,2010
Crime,0.00428890625,2010
Sci-Fi,0.00428890625,2010
Drama,7.2042197741935485,2012
Thriller,7.2042197741935485,2012
Adventure,6.195396129032258,2014
Comedy,6.195396129032258,2014
Crime,6.195396129032258,2014
Adventure,4.199699612903226,2015
Comedy,4.199699612903226,2015
Drama,-0.08678306451612904,2010
Comedy,12.754421066666668,2018
Romance,12.754421066666668,2018
Drama,9.754406333333334,2012
Romance,9.754406333333334,2012
Comedy,5.4358435,2015
Action,6.898420333333333,2012
Crime,6.898420333333333,2012
Drama,6.898420333333333,2012
Comedy,5.050075666666666,2013
Horror,5.050075666666666,2013
Romance,5.050075666666666,2013
Adventure,5.226050133333334,2014
Animation,5.226050133333334,2014
Comedy,5.226050133333334,2014
Comedy,5.554043533333333,2012
Drama,5.554043533333333,2012
Romance,5.554043533333333,2012
Comedy,6.310647866666667,2011
Fantasy,6.310647866666667,2011
Romance,6.310647866666667,2011
Biography,5.908343066666666,2017
Drama,5.908343066666666,2017
History,5.908343066666666,2017
Comedy,2.9606607333333335,2018
Adventure,3.5060330333333334,2010
Comedy,3.5060330333333334,2010
Drama,3.5060330333333334,2010
Drama,3.885946966666667,2015
Sport,3.885946966666667,2015
Action,3.9973116,2017
Mystery,3.9973116,2017
Thriller,3.9973116,2017
Action,3.3761014,2015
Crime,3.3761014,2015
Drama,3.3761014,2015
Action,3.1693004333333334,2018
Crime,3.1693004333333334,2018
Drama,3.1693004333333334,2018
Comedy,2.2796824333333334,2012
Family,2.2796824333333334,2012
Action,2.9757612,2014
Crime,2.9757612,2014
Thriller,2.9757612,2014
Drama,2.7204770666666667,2015
Fantasy,2.7204770666666667,2015
Romance,2.7204770666666667,2015
Action,2.5200937666666667,2011
Drama,2.5200937666666667,2011
Thriller,2.5200937666666667,2011
Biography,2.0790828666666665,2018
Drama,2.0790828666666665,2018
Thriller,2.0790828666666665,2018
Comedy,2.235246,2011
Drama,2.235246,2011
Romance,2.235246,2011
Comedy,1.6267314,2015
Comedy,2.0108034666666668,2012
Romance,2.0108034666666668,2012
Adventure,1.5612817666666667,2011
Animation,1.5612817666666667,2011
Comedy,1.5612817666666667,2011
Crime,0.6650938666666667,2018
Drama,0.6650938666666667,2018
Adventure,3.4055469333333335,2011
Drama,3.4055469333333335,2011
Thriller,3.4055469333333335,2011
Action,1.9468189,2010
Crime,1.9468189,2010
Drama,1.9468189,2010
Action,0.4192725666666667,2018
Crime,0.4192725666666667,2018
Drama,0.4192725666666667,2018
Crime,1.6609775333333334,2013
Thriller,1.6609775333333334,2013
Action,8.416290266666667,2017
Drama,8.416290266666667,2017
Biography,0.7781888333333333,2015
Drama,0.7781888333333333,2015
Action,1.0127018666666667,2013
Thriller,1.0127018666666667,2013
Action,0.016508966666666666,2013
Crime,0.016508966666666666,2013
Drama,0.016508966666666666,2013
Adventure,-0.1877767,2017
Drama,-0.1877767,2017
Romance,-0.1877767,2017
Action,-0.4728361,2018
Drama,-0.4728361,2018
Sci-Fi,-0.4728361,2018
Biography,-0.5667373,2017
Drama,-0.5667373,2017
Drama,-0.5667373,2017
Action,-0.8579774,2011
Biography,-0.8579774,2011
Crime,-0.8579774,2011
Comedy,15.273162,2015
Music,15.273162,2015
Comedy,3.887233344827586,2016
Comedy,1.4842383793103449,2017
Crime,1.4842383793103449,2017
Drama,1.4842383793103449,2017
Biography,1.8753141034482759,2016
Comedy,1.8753141034482759,2016
Drama,1.8753141034482759,2016
Biography,11.9778845,2015
Drama,11.9778845,2015
History,11.9778845,2015
Comedy,8.142673857142857,2017
Drama,8.142673857142857,2017
Adventure,6.13647175,2017
Comedy,6.13647175,2017
Drama,4.908931107142857,2013
Romance,4.908931107142857,2013
Thriller,4.908931107142857,2013
Biography,6.265093642857143,2015
Comedy,6.265093642857143,2015
Drama,6.265093642857143,2015
Comedy,5.011908428571428,2014
Family,5.011908428571428,2014
Comedy,5.315297642857143,2013
Drama,5.315297642857143,2013
Comedy,3.705600392857143,2018
Action,4.200087035714286,2010
Comedy,4.200087035714286,2010
Action,1.7864514285714286,2011
Comedy,1.7864514285714286,2011
Crime,1.7864514285714286,2011
Action,1.4877821071428572,2014
Drama,1.4877821071428572,2014
Thriller,1.4877821071428572,2014
Action,2.283067642857143,2013
Comedy,2.283067642857143,2013
Crime,2.283067642857143,2013
Action,2.147366857142857,2014
Crime,2.147366857142857,2014
Drama,2.147366857142857,2014
Action,1.537855857142857,2010
Comedy,1.537855857142857,2010
Family,1.537855857142857,2010
Action,2.35064475,2014
Crime,2.35064475,2014
Action,0.5976790357142857,2015
Comedy,0.5976790357142857,2015
Sci-Fi,0.5976790357142857,2015
Action,-0.01622889285714286,2016
Comedy,-0.01622889285714286,2016
Horror,-0.01622889285714286,2016
Comedy,1.2578191636363636,2012
Drama,1.2578191636363636,2012
Music,1.2578191636363636,2012
Drama,-0.26258905454545456,2011
Thriller,-0.26258905454545456,2011
Mystery,7.696828666666667,2011
Sci-Fi,7.696828666666667,2011
Thriller,7.696828666666667,2011
Crime,3.980672962962963,2016
Drama,3.980672962962963,2016
Thriller,3.980672962962963,2016
Crime,2.5304222307692306,2012
Drama,2.5304222307692306,2012
Drama,1.6086781153846155,2014
Romance,1.6086781153846155,2014
Crime,0.7926951153846153,2012
Mystery,0.7926951153846153,2012
Thriller,0.7926951153846153,2012
Biography,-0.6381406153846154,2013
Drama,-0.6381406153846154,2013
Thriller,-0.6381406153846154,2013
Drama,14.31302364,2011
Biography,15.05516012,2016
Drama,15.05516012,2016
History,15.05516012,2016
Action,10.5174546,2014
Comedy,10.5174546,2014
Crime,10.5174546,2014
Drama,7.88193404,2010
Romance,7.88193404,2010
War,7.88193404,2010
Comedy,6.92398716,2012
Family,6.92398716,2012
Comedy,7.79561192,2011
Romance,7.79561192,2011
Action,5.5973942,2012
Crime,5.5973942,2012
Drama,5.5973942,2012
Drama,5.28363884,2012
Romance,5.28363884,2012
Drama,3.46522316,2014
Romance,3.46522316,2014
Sci-Fi,3.46522316,2014
Adventure,2.81852284,2015
Comedy,2.81852284,2015
Fantasy,2.81852284,2015
Comedy,2.5391048,2013
Drama,2.5391048,2013
Biography,2.02663484,2014
Drama,2.02663484,2014
Sport,2.02663484,2014
Action,2.48877924,2018
Crime,2.48877924,2018
Drama,2.48877924,2018
Crime,1.89596092,2014
Drama,1.89596092,2014
Thriller,1.89596092,2014
Comedy,1.89893732,2017
Comedy,1.7716792,2011
Drama,1.34758868,2014
Sport,1.34758868,2014
Drama,3.42841204,2017
Horror,3.42841204,2017
Mystery,3.42841204,2017
Action,1.13821088,2010
Adventure,1.13821088,2010
Crime,1.13821088,2010
Action,1.33934356,2011
Adventure,1.33934356,2011
Drama,1.33934356,2011
Horror,0.51017224,2011
Thriller,0.51017224,2011
Adventure,0.5415874,2017
Comedy,0.5415874,2017
Drama,0.5415874,2017
Crime,2.51932196,2013
Drama,2.51932196,2013
Thriller,2.51932196,2013
Biography,1.52812928,2018
Drama,1.52812928,2018
History,1.52812928,2018
Horror,0.2588762,2010
Mystery,0.2588762,2010
Thriller,0.2588762,2010
Drama,0.5149,2011
Sport,0.5149,2011
Biography,0.2433562,2017
Comedy,0.2433562,2017
Drama,0.2433562,2017
Biography,0.62513748,2015
Drama,0.62513748,2015
History,0.62513748,2015
Drama,-0.63006388,2017
History,-0.63006388,2017
Romance,-0.63006388,2017
Horror,0.77193776,2015
Biography,0.77193776,2015
Crime,0.77193776,2015
Drama,0.77193776,2015
Comedy,4.6273591666666665,2014
Romance,4.6273591666666665,2014
Drama,4.0819077083333335,2016
Comedy,3.527638125,2010
Horror,3.527638125,2010
Action,1.459706875,2010
Crime,1.459706875,2010
Drama,1.459706875,2010
Comedy,0.4222307083333333,2011
Romance,0.4222307083333333,2011
Biography,16.700635217391305,2018
Comedy,16.700635217391305,2018
Drama,16.700635217391305,2018
Comedy,5.288339434782609,2015
Drama,4.1608025652173914,2011
Thriller,4.1608025652173914,2011
Crime,1.8168325217391303,2018
Drama,1.8168325217391303,2018
Drama,0.9138683555555556,2016
Thriller,0.9138683555555556,2016
Biography,4.938629863636364,2014
Drama,4.938629863636364,2014
History,4.938629863636364,2014
Comedy,5.7502695,2014
Drama,5.7502695,2014
Comedy,4.738107136363636,2012
Family,4.738107136363636,2012
Comedy,3.599849409090909,2013
Drama,3.599849409090909,2013
Comedy,3.2836775,2016
Drama,3.2836775,2016
Music,3.2836775,2016
Comedy,1.561286409090909,2017
Family,1.561286409090909,2017
Action,2.2660842727272725,2013
Thriller,2.2660842727272725,2013
Action,2.8967347727272728,2015
Adventure,2.8967347727272728,2015
Crime,2.8967347727272728,2015
Crime,0.13316927272727272,2017
Drama,0.13316927272727272,2017
Thriller,0.13316927272727272,2017
Crime,0.2166010909090909,2013
Drama,0.2166010909090909,2013
Thriller,0.2166010909090909,2013
Action,-0.41699922727272726,2017
Comedy,-0.41699922727272726,2017
Drama,-0.7329500909090909,2010
Thriller,-0.7329500909090909,2010
Comedy,3.2330403255813955,2012
Music,3.2330403255813955,2012
Romance,3.2330403255813955,2012
Comedy,16.547876714285714,2012
Drama,16.547876714285714,2012
Romance,16.547876714285714,2012
Comedy,6.350324904761905,2018
Drama,2.6070271904761904,2010
Drama,-0.7134831428571429,2011
Comedy,27.8726483,2016
Drama,27.8726483,2016
Music,27.8726483,2016
Horror,21.7700141,2013
Mystery,21.7700141,2013
Thriller,21.7700141,2013
Drama,20.85137605,2017
Family,20.85137605,2017
Comedy,13.71280065,2016
Comedy,8.04665435,2014
Romance,8.04665435,2014
Comedy,11.90663805,2011
Drama,11.90663805,2011
Drama,6.7814666,2010
Music,6.7814666,2010
Romance,6.7814666,2010
Biography,10.8848668,2013
Drama,10.8848668,2013
History,10.8848668,2013
Drama,12.22551365,2016
Romance,12.22551365,2016
Comedy,4.42171265,2016
Drama,4.42171265,2016
Comedy,6.55886515,2018
Crime,6.55886515,2018
Drama,6.55886515,2018
Crime,5.8572118,2015
Drama,5.8572118,2015
Adventure,4.18030025,2017
Animation,4.18030025,2017
Comedy,4.18030025,2017
Action,4.4617955,2016
Adventure,4.4617955,2016
Crime,4.4617955,2016
Action,3.1567898,2016
Adventure,3.1567898,2016
Drama,3.1567898,2016
Comedy,4.9043246,2010
Crime,4.17785495,2010
Drama,4.17785495,2010
Thriller,4.17785495,2010
Adventure,2.5663388,2011
Comedy,2.5663388,2011
Horror,3.1003979,2013
Thriller,3.1003979,2013
Comedy,3.03459185,2010
Romance,3.03459185,2010
Action,2.6756678,2013
Comedy,2.6756678,2013
Sci-Fi,2.6756678,2013
Comedy,1.9270499,2010
Family,1.9270499,2010
Romance,1.9270499,2010
Biography,2.1348032,2018
Drama,2.1348032,2018
Adventure,2.1436769,2011
Comedy,2.1436769,2011
Family,2.1436769,2011
Comedy,2.4475,2017
Crime,2.4475,2017
Thriller,2.4475,2017
Action,1.4134957,2012
Sci-Fi,1.4134957,2012
Thriller,1.4134957,2012
Comedy,1.20874345,2011
Romance,1.20874345,2011
Comedy,1.5212728,2015
Drama,1.5212728,2015
Crime,0.92915445,2016
Thriller,0.92915445,2016
Drama,0.74138555,2016
Romance,0.74138555,2016
Drama,1.0202667,2010
Fantasy,1.0202667,2010
Horror,1.0202667,2010
Drama,0.2805866,2013
Music,0.2805866,2013
Comedy,0.14416605,2014
Crime,0.14416605,2014
Drama,0.14416605,2014
Action,0.3140585,2013
Crime,0.3140585,2013
Sci-Fi,0.3140585,2013
Drama,0.212763,2015
History,0.212763,2015
War,0.212763,2015
Biography,-0.28482115,2012
Drama,-0.28482115,2012
Sport,-0.28482115,2012
Crime,-0.27019955,2014
Drama,-0.27019955,2014
Thriller,-0.27019955,2014
Biography,0.0254807,2011
Drama,0.0254807,2011
Romance,0.0254807,2011
Action,-0.51276165,2016
Biography,-0.51276165,2016
Drama,-0.51276165,2016
Action,0.45623945,2012
Thriller,0.45623945,2012
Fantasy,-0.52409565,2018
Horror,-0.52409565,2018
Mystery,-0.52409565,2018
Crime,-0.92721795,2010
Drama,-0.92721795,2010
Mystery,-0.92721795,2010
Drama,-0.7866897,2015
Romance,-0.7866897,2015
Comedy,-0.9722057,2010
Drama,-0.9722057,2010
Fantasy,-0.9722057,2010
Adventure,12.31539635897436,2017
Drama,12.31539635897436,2017
Fantasy,12.31539635897436,2017
Biography,-0.616379162303665,2011
Drama,-0.616379162303665,2011
Thriller,-0.616379162303665,2011
Comedy,15.617992263157895,2011
Romance,15.617992263157895,2011
Adventure,11.579716473684211,2016
Animation,11.579716473684211,2016
Comedy,11.579716473684211,2016
Horror,4.029953842105263,2010
Thriller,4.029953842105263,2010
Comedy,3.0851015789473686,2010
Drama,3.0851015789473686,2010
Romance,3.0851015789473686,2010
Comedy,2.080938947368421,2010
Romance,2.080938947368421,2010
Drama,4.135536421052632,2013
War,4.135536421052632,2013
Comedy,-0.2365962105263158,2011
Drama,-0.2365962105263158,2011
Romance,-0.2365962105263158,2011
Drama,-0.4181022631578947,2012
Comedy,22.390623777777776,2014
Comedy,7.432564611111111,2016
Romance,7.432564611111111,2016
Crime,5.516977833333334,2015
Drama,5.516977833333334,2015
Horror,5.516977833333334,2015
Comedy,6.021873833333333,2011
Family,6.021873833333333,2011
Biography,4.0562264444444445,2011
Drama,4.0562264444444445,2011
Family,4.0562264444444445,2011
Comedy,3.944283722222222,2018
Sport,3.944283722222222,2018
Drama,6.5732128888888885,2013
Comedy,2.7780850555555556,2015
Drama,2.7780850555555556,2015
Music,2.7780850555555556,2015
Comedy,2.8072345,2015
Fantasy,2.8072345,2015
Romance,2.8072345,2015
Adventure,3.364022277777778,2010
Biography,3.364022277777778,2010
Drama,3.364022277777778,2010
Adventure,1.6443421666666667,2016
Animation,1.6443421666666667,2016
Comedy,1.6443421666666667,2016
Biography,2.307440277777778,2013
Drama,2.307440277777778,2013
Comedy,0.837823,2014
Drama,0.837823,2014
Romance,0.837823,2014
Action,-0.36708155555555555,2016
Drama,-0.36708155555555555,2016
Mystery,-0.36708155555555555,2016
Drama,-0.3766536111111111,2016
Thriller,-0.3766536111111111,2016
Music,-0.30539594444444446,2013
Action,-0.9947248333333333,2014
Fantasy,-0.9947248333333333,2014
Horror,-0.9947248333333333,2014
Drama,-0.18266725714285714,2013
Family,-0.18266725714285714,2013
Music,-0.18266725714285714,2013
Drama,29.738038529411764,2018
Horror,29.738038529411764,2018
Sci-Fi,29.738038529411764,2018
Comedy,7.432994411764706,2013
Drama,7.432994411764706,2013
Comedy,9.649731764705882,2012
Music,9.649731764705882,2012
Romance,9.649731764705882,2012
Crime,9.555615411764705,2010
Horror,9.555615411764705,2010
Mystery,9.555615411764705,2010
Biography,4.305188176470589,2015
Drama,4.305188176470589,2015
Sport,4.305188176470589,2015
Comedy,3.9740406470588234,2016
Drama,3.9740406470588234,2016
Drama,2.8761059411764704,2011
Fantasy,2.8761059411764704,2011
Romance,2.8761059411764704,2011
Horror,-0.08387647058823529,2012
Thriller,-0.08387647058823529,2012
Biography,-0.4925689411764706,2016
Drama,-0.4925689411764706,2016
Drama,-0.1795529761904762,2016
Fantasy,-0.1795529761904762,2016
Adventure,6.147557,2012
Comedy,6.147557,2012
Drama,6.147557,2012
Comedy,9.8077379375,2011
Drama,9.8077379375,2011
Romance,9.8077379375,2011
Drama,4.615363375,2011
Thriller,4.615363375,2011
Action,1.578794875,2018
Crime,1.578794875,2018
Thriller,1.578794875,2018
Drama,3.7233975,2010
Romance,3.7233975,2010
Comedy,0.565579,2012
Drama,0.565579,2012
Biography,-0.2695105,2016
Drama,-0.2695105,2016
Sport,-0.2695105,2016
Drama,-0.3345275,2014
Western,-0.3345275,2014
Crime,0.5572903125,2013
Drama,0.5572903125,2013
Mystery,0.5572903125,2013
Comedy,5.533189872611465,2018
Drama,5.533189872611465,2018
Romance,5.533189872611465,2018
Horror,26.165137733333335,2017
Mystery,26.165137733333335,2017
Thriller,26.165137733333335,2017
Biography,20.257707066666665,2014
Drama,20.257707066666665,2014
Thriller,20.257707066666665,2014
Horror,13.648249733333333,2013
Thriller,13.648249733333333,2013
Comedy,8.397195733333334,2010
Drama,8.397195733333334,2010
Family,8.397195733333334,2010
Drama,11.2192792,2012
Fantasy,11.2192792,2012
Horror,11.2192792,2012
Biography,8.486178333333333,2018
Crime,8.486178333333333,2018
Drama,8.486178333333333,2018
Action,5.7225464,2013
Drama,5.7225464,2013
Thriller,5.7225464,2013
Comedy,5.9675912,2015
Fantasy,5.9675912,2015
Horror,5.9675912,2015
Action,5.5726651333333335,2012
Crime,5.5726651333333335,2012
Drama,5.5726651333333335,2012
Biography,9.6147486,2014
Drama,9.6147486,2014
Romance,9.6147486,2014
Biography,7.5653808,2018
Drama,7.5653808,2018
History,7.5653808,2018
Drama,3.0177916666666667,2014
Family,3.0177916666666667,2014
Sport,3.0177916666666667,2014
Comedy,3.2904772,2017
Drama,3.2904772,2017
Romance,3.2904772,2017
Adventure,2.575774866666667,2010
Comedy,2.575774866666667,2010
Family,2.575774866666667,2010
Action,2.9892302666666666,2014
Crime,2.9892302666666666,2014
Thriller,2.9892302666666666,2014
Action,1.7519996,2016
Comedy,1.7519996,2016
Crime,1.7519996,2016
Drama,1.7213938666666666,2010
Music,1.7213938666666666,2010
Crime,2.553783,2014
Drama,2.553783,2014
Thriller,2.553783,2014
Action,1.5102052,2012
Crime,2.6122656,2012
Thriller,2.6122656,2012
Drama,3.8674975333333332,2011
Romance,3.8674975333333332,2011
Biography,0.26199133333333335,2016
Drama,0.26199133333333335,2016
Sport,0.26199133333333335,2016
Action,0.2977957333333333,2018
Drama,0.2977957333333333,2018
Sci-Fi,0.2977957333333333,2018
Action,0.2838600666666667,2015
Comedy,0.2838600666666667,2015
Horror,0.2838600666666667,2015
Comedy,1.4997088,2010
Drama,1.4997088,2010
Romance,1.4997088,2010
Drama,-0.09277533333333333,2010
Romance,-0.09277533333333333,2010
Sci-Fi,-0.09277533333333333,2010
Drama,-0.6048514666666667,2016
Horror,-0.6048514666666667,2016
Thriller,-0.6048514666666667,2016
Action,-0.4660921333333333,2010
Adventure,-0.4660921333333333,2010
Drama,-0.4660921333333333,2010
Action,-0.9213828,2011
Crime,-0.9213828,2011
Drama,-0.9213828,2011
Adventure,0.39321473333333334,2013
Animation,0.39321473333333334,2013
Family,0.39321473333333334,2013
Comedy,12.080941655172413,2015
Drama,12.080941655172413,2015
Music,12.080941655172413,2015
Horror,8.43254657142857,2012
Mystery,8.43254657142857,2012
Thriller,8.43254657142857,2012
Comedy,1.9761305,2010
Romance,1.9761305,2010
Comedy,0.7958067857142858,2015
Mystery,0.7958067857142858,2015
Sci-Fi,0.7958067857142858,2015
Adventure,0.4697252142857143,2012
Comedy,0.4697252142857143,2012
Biography,1.7676663571428572,2015
Drama,1.7676663571428572,2015
History,1.7676663571428572,2015
Biography,1.0818265714285715,2014
Drama,1.0818265714285715,2014
History,1.0818265714285715,2014
Comedy,-0.5681996428571429,2010
Drama,-0.5681996428571429,2010
Romance,-0.5681996428571429,2010
Drama,-0.9521087857142857,2011
Comedy,2.559984074074074,2012
Crime,2.559984074074074,2012
Drama,32.70933753846154,2010
Thriller,32.70933753846154,2010
Documentary,12.23446423076923,2011
Music,12.23446423076923,2011
Action,14.854311538461538,2018
Horror,14.854311538461538,2018
Sci-Fi,14.854311538461538,2018
Biography,9.42337376923077,2016
Drama,9.42337376923077,2016
Family,9.42337376923077,2016
Drama,12.375774230769231,2016
Horror,12.375774230769231,2016
Thriller,12.375774230769231,2016
Comedy,6.613457384615384,2014
Drama,6.613457384615384,2014
Adventure,5.239183615384615,2014
Family,5.239183615384615,2014
Sci-Fi,5.239183615384615,2014
Comedy,1.8262294615384616,2013
Drama,1.8262294615384616,2013
Romance,1.8262294615384616,2013
Drama,2.9086346923076922,2012
Drama,2.9184966923076923,2015
Thriller,2.9184966923076923,2015
Drama,1.2152153846153846,2015
Sport,1.2152153846153846,2015
Action,8.996642153846153,2015
Comedy,8.996642153846153,2015
Drama,8.996642153846153,2015
Comedy,1.0542206923076922,2015
Drama,1.0542206923076922,2015
Music,1.0542206923076922,2015
Horror,0.2856882307692308,2015
Thriller,0.2856882307692308,2015
Action,-0.42435707692307695,2011
Comedy,-0.42435707692307695,2011
Sci-Fi,-0.42435707692307695,2011
Crime,-0.7050343076923077,2010
Drama,-0.7050343076923077,2010
Horror,-0.7050343076923077,2010
Crime,8.50733234375,2013
Drama,8.50733234375,2013
Horror,8.50733234375,2013
Crime,1.3634065873015873,2014
Drama,1.3634065873015873,2014
Action,4.83716928,2010
Crime,4.83716928,2010
Thriller,4.83716928,2010
Biography,0.48997408,2010
Crime,0.48997408,2010
Drama,0.48997408,2010
Biography,-0.6550356,2010
Comedy,-0.6550356,2010
Crime,-0.6550356,2010
Crime,-0.62361096,2012
Drama,-0.62361096,2012
Mystery,-0.62361096,2012
Comedy,16.076747416666667,2012
Romance,16.076747416666667,2012
Action,11.709156833333333,2012
Adventure,11.709156833333333,2012
Drama,11.709156833333333,2012
Comedy,12.146671083333333,2012
Crime,16.892137916666666,2017
Drama,16.892137916666666,2017
Biography,15.77585125,2016
Drama,15.77585125,2016
Biography,10.389447583333334,2013
Comedy,10.389447583333334,2013
Drama,10.389447583333334,2013
Comedy,8.787565666666667,2015
Drama,8.787565666666667,2015
Mystery,8.787565666666667,2015
Action,4.382679,2016
Crime,4.382679,2016
Drama,4.382679,2016
Documentary,3.8355425,2012
Music,3.8355425,2012
Comedy,3.2765933333333335,2014
Romance,3.2765933333333335,2014
Drama,3.6048065,2015
Mystery,3.6048065,2015
Sci-Fi,3.6048065,2015
Comedy,2.6173356666666665,2010
Romance,2.6173356666666665,2010
Sport,2.6173356666666665,2010
Adventure,2.534689333333333,2013
Comedy,2.534689333333333,2013
Drama,2.534689333333333,2013
Comedy,2.2551605833333332,2011
Drama,2.2551605833333332,2011
Comedy,7.719424916666667,2013
Drama,7.719424916666667,2013
Fantasy,7.719424916666667,2013
Drama,1.8979116666666667,2018
Romance,1.8979116666666667,2018
Drama,2.1482375,2017
Fantasy,2.1482375,2017
Horror,2.1482375,2017
Drama,2.64585725,2012
Thriller,2.64585725,2012
Drama,0.1448365,2013
Thriller,0.1448365,2013
Comedy,-0.8338585,2012
Drama,-0.8338585,2012
Romance,-0.8338585,2012
Action,-0.9912273333333333,2011
Drama,-0.9912273333333333,2011
War,-0.9912273333333333,2011
Drama,3.7080518644067797,2015
Romance,3.7080518644067797,2015
Comedy,11.232309739130434,2016
Biography,19.261763363636362,2010
Drama,19.261763363636362,2010
Sport,19.261763363636362,2010
Drama,10.711910272727273,2014
Fantasy,10.711910272727273,2014
Music,10.711910272727273,2014
Drama,8.127171272727272,2015
Romance,8.127171272727272,2015
Biography,7.354018181818182,2015
Drama,7.354018181818182,2015
History,7.354018181818182,2015
Biography,6.619267545454545,2017
Comedy,6.619267545454545,2017
Drama,6.619267545454545,2017
Drama,3.1992232727272727,2013
Music,3.1992232727272727,2013
Action,6.144505636363636,2016
Drama,6.144505636363636,2016
Sport,6.144505636363636,2016
Comedy,0.9712829702970297,2010
Action,18.7557167,2016
Horror,18.7557167,2016
Sci-Fi,18.7557167,2016
Comedy,14.9679979,2018
Drama,14.9679979,2018
Romance,14.9679979,2018
Horror,22.5630918,2018
Mystery,22.5630918,2018
Thriller,22.5630918,2018
Comedy,11.7569042,2017
Drama,11.7569042,2017
Drama,10.4203361,2018
Horror,10.4203361,2018
Mystery,10.4203361,2018
Comedy,9.6346974,2018
Drama,9.6346974,2018
Romance,9.6346974,2018
Crime,13.0498028,2017
Horror,13.0498028,2017
Mystery,13.0498028,2017
Drama,8.5724276,2017
Romance,8.5724276,2017
Horror,8.7033769,2010
Mystery,8.7033769,2010
Thriller,8.7033769,2010
Comedy,11.3462572,2015
Drama,11.3462572,2015
Horror,7.2288469,2018
Mystery,7.2288469,2018
Thriller,7.2288469,2018
Crime,5.0516052,2016
Drama,5.0516052,2016
Horror,5.0516052,2016
Horror,7.184518,2015
Mystery,7.184518,2015
Thriller,7.184518,2015
Horror,5.7343491,2016
Mystery,5.7343491,2016
Thriller,5.7343491,2016
Drama,5.7343491,2016
Fantasy,5.7343491,2016
Horror,5.7343491,2016
Action,7.9681328,2010
Sci-Fi,7.9681328,2010
Thriller,7.9681328,2010
Biography,3.9838283,2017
Comedy,3.9838283,2017
Drama,3.9838283,2017
Horror,4.9762638,2016
Mystery,4.9762638,2016
Thriller,4.9762638,2016
Horror,8.6256498,2015
Mystery,8.6256498,2015
Thriller,8.6256498,2015
Biography,3.8837977,2011
Drama,3.8837977,2011
Biography,3.1799903,2014
Crime,3.1799903,2014
Drama,3.1799903,2014
Comedy,3.00052,2013
Biography,1.0556252,2018
Comedy,1.0556252,2018
Crime,1.0556252,2018
Action,0.7155495,2010
Comedy,0.7155495,2010
Romance,0.7155495,2010
Adventure,0.8845697,2012
Comedy,0.8845697,2012
Drama,0.8845697,2012
Drama,0.8261,2016
Mystery,0.8261,2016
Thriller,0.8261,2016
Comedy,0.4723233,2011
Action,0.5700848,2012
Horror,0.5700848,2012
Thriller,0.5700848,2012
Biography,0.4102911,2015
Comedy,0.4102911,2015
Drama,0.4102911,2015
Biography,0.0375467,2018
Crime,0.0375467,2018
Drama,0.0375467,2018
Biography,0.3337388,2016
Drama,0.3337388,2016
Action,-0.1618256,2016
Adventure,-0.1618256,2016
Family,-0.1618256,2016
Biography,-0.3685342,2014
Drama,-0.3685342,2014
Drama,-0.6356497,2011
Romance,-0.6356497,2011
Biography,-0.1138123,2017
Drama,-0.1138123,2017
History,-0.1138123,2017
Drama,-0.9491224,2010
Drama,-0.9821431,2015
Mystery,-0.9821431,2015
Thriller,-0.9821431,2015
Comedy,-0.8357061,2010
Drama,-0.8357061,2010
Fantasy,-0.8357061,2010
Drama,3.487216288659794,2012
Romance,3.487216288659794,2012
Action,31.32067147368421,2016
Biography,31.32067147368421,2016
Drama,31.32067147368421,2016
Biography,-0.06817842105263158,2010
Drama,-0.06817842105263158,2010
Music,-0.06817842105263158,2010
Drama,1.6434197872340426,2011
Sci-Fi,1.6434197872340426,2011
Drama,-0.03758641304347826,2012
Romance,-0.03758641304347826,2012
Action,1.047876304347826,2010
Drama,1.047876304347826,2010
Romance,1.047876304347826,2010
Action,19.344159,2014
Horror,19.344159,2014
Sci-Fi,19.344159,2014
Drama,11.997374555555556,2016
Horror,11.997374555555556,2016
Mystery,11.997374555555556,2016
Comedy,2.7252928888888888,2016
Drama,2.7252928888888888,2016
Biography,4.616545111111111,2016
Drama,4.616545111111111,2016
History,4.616545111111111,2016
Biography,1.2898108888888888,2016
Drama,1.2898108888888888,2016
Romance,1.2898108888888888,2016
Action,-0.42062,2018
Crime,-0.42062,2018
Drama,-0.42062,2018
Drama,13.75638094117647,2016
Crime,8.731251294117648,2014
Drama,8.731251294117648,2014
Thriller,8.731251294117648,2014
Comedy,4.230040588235294,2013
Comedy,4.096287294117647,2016
Family,4.096287294117647,2016
Action,-0.4953587058823529,2014
Crime,-0.4953587058823529,2014
Drama,-0.4953587058823529,2014
Comedy,5.58493156626506,2013
Drama,5.58493156626506,2013
Musical,5.58493156626506,2013
Comedy,15.825273125,2010
Drama,15.825273125,2010
Romance,15.825273125,2010
Comedy,8.543856625,2011
Drama,8.543856625,2011
Romance,8.543856625,2011
Adventure,7.327344,2015
Biography,7.327344,2015
Comedy,7.327344,2015
Comedy,8.89223875,2014
Romance,8.89223875,2014
Comedy,4.396540125,2013
Drama,4.396540125,2013
Romance,4.396540125,2013
Comedy,1.61167525,2011
Drama,1.61167525,2011
Family,1.61167525,2011
Comedy,1.0030745,2015
Drama,1.0030745,2015
Romance,1.0030745,2015
Comedy,0.62457225,2010
Drama,0.62457225,2010
Romance,0.62457225,2010
Action,0.401754625,2016
Horror,0.401754625,2016
Sci-Fi,0.401754625,2016
Animation,0.18318175,2015
Comedy,0.18318175,2015
Drama,0.18318175,2015
Comedy,1.901414875,2010
Drama,1.901414875,2010
Biography,1.092445625,2010
Comedy,1.092445625,2010
Drama,1.092445625,2010
Action,-0.3220585,2010
Comedy,-0.3220585,2010
Crime,-0.3220585,2010
Biography,1.1831745,2016
Comedy,1.1831745,2016
Drama,1.1831745,2016
Horror,-0.34760973333333334,2016
Thriller,-0.34760973333333334,2016
Drama,6.241017972972973,2017
Fantasy,6.241017972972973,2017
Horror,6.241017972972973,2017
Comedy,39.610189142857145,2012
Drama,39.610189142857145,2012
Comedy,9.779142142857143,2011
Drama,9.779142142857143,2011
Drama,7.823695428571429,2017
Comedy,4.099614428571429,2015
Crime,4.099614428571429,2015
Drama,4.099614428571429,2015
Horror,6.423935428571428,2014
Mystery,6.423935428571428,2014
Thriller,6.423935428571428,2014
Crime,1.5045474285714286,2010
Horror,1.5045474285714286,2010
Mystery,1.5045474285714286,2010
Comedy,1.5045474285714286,2010
Drama,1.5045474285714286,2010
Romance,1.5045474285714286,2010
Comedy,1.6869665714285715,2010
Drama,1.6869665714285715,2010
Drama,-0.49059585714285714,2013
Family,-0.49059585714285714,2013
Biography,-0.6745101428571428,2015
Drama,-0.6745101428571428,2015
Romance,-0.6745101428571428,2015
Comedy,-0.8649307142857143,2010
Horror,51.48257430769231,2014
Mystery,51.48257430769231,2014
Thriller,51.48257430769231,2014
Drama,2.7561744615384614,2011
Adventure,-0.1842146153846154,2013
Drama,-0.1842146153846154,2013
Thriller,-0.1842146153846154,2013
Horror,8.6035935,2018
Mystery,8.6035935,2018
Thriller,8.6035935,2018
Drama,3.644091,2012
Mystery,3.644091,2012
Romance,3.644091,2012
Comedy,3.4262046666666666,2011
Crime,3.4262046666666666,2011
Thriller,3.4262046666666666,2011
Comedy,0.6971106666666667,2014
Drama,0.6971106666666667,2014
Crime,0.134585,2014
Drama,0.134585,2014
Mystery,0.134585,2014
Drama,1.1160683333333334,2011
History,1.1160683333333334,2011
Action,-0.5596365,2018
Fantasy,-0.5596365,2018
Horror,-0.5596365,2018
Action,1.690925892857143,2012
Comedy,1.690925892857143,2012
Comedy,10.953869636363637,2013
Drama,10.953869636363637,2013
Romance,10.953869636363637,2013
Horror,4.313938545454546,2018
Comedy,1.5621645454545454,2011
Drama,1.5621645454545454,2011
Action,1.345753076923077,2011
Crime,1.345753076923077,2011
Drama,1.345753076923077,2011
Horror,85.2817232,2017
Mystery,85.2817232,2017
Thriller,85.2817232,2017
Horror,61.2137302,2011
Mystery,61.2137302,2011
Thriller,61.2137302,2011
Drama,35.0738842,2016
Horror,35.0738842,2016
Mystery,35.0738842,2016
Drama,42.215069,2016
Horror,42.215069,2016
Mystery,42.215069,2016
Horror,31.7767842,2015
Mystery,31.7767842,2015
Thriller,31.7767842,2015
Documentary,31.7767842,2015
Horror,35.138821,2017
Mystery,35.138821,2017
Thriller,35.138821,2017
Horror,38.3436654,2012
Mystery,38.3436654,2012
Thriller,38.3436654,2012
Horror,29.8313284,2014
Mystery,29.8313284,2014
Thriller,29.8313284,2014
Comedy,18.3690654,2017
Drama,18.3690654,2017
Romance,18.3690654,2017
Horror,23.6734452,2014
Mystery,23.6734452,2014
Thriller,23.6734452,2014
Biography,16.582026,2013
Drama,16.582026,2013
Action,13.0266776,2015
Thriller,13.0266776,2015
Horror,11.832176,2015
Mystery,11.832176,2015
Sci-Fi,11.832176,2015
Comedy,9.1352158,2011
Drama,9.1352158,2011
Horror,7.8409496,2011
Mystery,7.8409496,2011
Sci-Fi,7.8409496,2011
Adventure,7.6154994,2018
Biography,7.6154994,2018
Drama,7.6154994,2018
Drama,5.9780024,2014
Thriller,5.9780024,2014
Drama,5.2373508,2017
Fantasy,5.2373508,2017
Mystery,5.2373508,2017
Comedy,5.760003,2016
Comedy,2.9703142,2016
Romance,2.9703142,2016
Documentary,3.522357,2010
Horror,1.834162,2016
Thriller,1.834162,2016
Comedy,0.647059,2017
Drama,0.647059,2017
Romance,0.647059,2017
Horror,2.1810898,2016
Biography,0.8215102,2014
Crime,0.8215102,2014
Drama,0.8215102,2014
Drama,0.6868184,2010
Adventure,-0.0892846,2015
Drama,-0.0892846,2015
Family,-0.0892846,2015
Comedy,1.5737918,2016
Drama,1.5737918,2016
Romance,1.5737918,2016
Crime,-0.706676,2013
Drama,-0.706676,2013
Romance,-0.706676,2013
Comedy,-0.875356,2014
Drama,-0.875356,2014
Music,-0.875356,2014
Crime,0.098001875,2013
Drama,0.098001875,2013
Drama,0.41073031578947367,2011
Horror,0.41073031578947367,2011
Thriller,0.41073031578947367,2011
Action,-0.6849188888888889,2011
Adventure,-0.6849188888888889,2011
Western,-0.6849188888888889,2011
Drama,-0.7300284444444445,2015
Horror,-0.7300284444444445,2015
Action,-0.9947671111111112,2014
Adventure,-0.9947671111111112,2014
Crime,1.1720766666666667,2010
Drama,1.1720766666666667,2010
Horror,21.35200075,2015
Thriller,21.35200075,2015
Drama,19.663256,2014
Comedy,13.2717085,2010
Drama,13.2717085,2010
Romance,13.2717085,2010
Comedy,8.634087,2014
Fantasy,8.634087,2014
Drama,9.1570025,2013
Horror,9.1570025,2013
Thriller,9.1570025,2013
Horror,4.41296675,2016
Thriller,4.41296675,2016
Drama,-0.145181,2011
Romance,-0.145181,2011
Action,-0.23774375,2011
Crime,-0.23774375,2011
Horror,-0.23774375,2011
Drama,0.21787,2012
Fantasy,0.21787,2012
Horror,-0.9858285,2014
Thriller,-0.9858285,2014
Comedy,-0.75308825,2011
Drama,-0.75308825,2011
Comedy,-0.2677018666666667,2010
Crime,-0.2677018666666667,2010
Drama,-0.2677018666666667,2010
Horror,38.01095971428571,2018
Thriller,38.01095971428571,2018
Biography,18.848530285714286,2018
Drama,18.848530285714286,2018
Fantasy,18.848530285714286,2018
Horror,11.892222285714286,2013
Sci-Fi,11.892222285714286,2013
Thriller,11.892222285714286,2013
Adventure,-0.06428657142857143,2016
Drama,-0.06428657142857143,2016
Romance,-0.06428657142857143,2016
Drama,6.584356764705882,2011
Thriller,6.584356764705882,2011
Drama,14.776073636363636,2014
Music,14.776073636363636,2014
Horror,86.42164633333333,2010
Drama,46.25511866666667,2015
Horror,50.913232,2013
Thriller,50.913232,2013
Horror,44.27157,2012
Mystery,44.27157,2012
Thriller,44.27157,2012
Action,8.510138333333334,2018
Sci-Fi,8.510138333333334,2018
Thriller,8.510138333333334,2018
Drama,9.454183666666667,2013
Romance,9.454183666666667,2013
Adventure,2.349188333333333,2016
Comedy,2.349188333333333,2016
Drama,2.349188333333333,2016
Comedy,1.8679173333333334,2010
Drama,1.8679173333333334,2010
Action,2.5242723333333332,2016
Comedy,2.5242723333333332,2016
Crime,2.5242723333333332,2016
Drama,1.0286796666666667,2010
Family,1.0286796666666667,2010
Comedy,0.23651233333333332,2014
Drama,0.23651233333333332,2014
Horror,0.23651233333333332,2014
Action,1.099442,2017
Drama,1.099442,2017
Thriller,1.099442,2017
Comedy,-0.5193153333333334,2015
Drama,-0.5193153333333334,2015
Comedy,3.3413903333333335,2012
Romance,3.3413903333333335,2012
Documentary,-0.90547,2010
Comedy,38.9856964,2013
Fantasy,38.9856964,2013
Comedy,24.8285224,2013
Documentary,24.8285224,2013
Comedy,4.5079688,2013
Drama,4.5079688,2013
Romance,4.5079688,2013
Adventure,10.6204016,2016
Comedy,10.6204016,2016
Drama,10.6204016,2016
Comedy,2.3007296,2012
Crime,2.3007296,2012
Drama,2.3007296,2012
Drama,10.865448260869565,2015
Drama,33.8540525,2011
Drama,10.331527,2010
Mystery,10.331527,2010
Drama,7.599845,2017
Drama,4.872101,2017
Crime,5.0555455,2010
Documentary,5.0555455,2010
Drama,5.872416,2015
Music,5.872416,2015
Romance,5.872416,2015
Comedy,0.8784805,2015
Drama,0.8784805,2015
Romance,0.8784805,2015
Drama,3.2165895,2014
Horror,3.2165895,2014
Drama,2.182426,2015
Thriller,2.182426,2015
Comedy,-0.982939,2012
Drama,-0.982939,2012
Romance,-0.982939,2012
Drama,10.22654038688904,2010
Mystery,10.22654038688904,2010
Thriller,10.22654038688904,2010
Drama,4.45228,2013
Music,4.45228,2013
Drama,60.77791666666667,2010
Horror,60.77791666666667,2010
Thriller,60.77791666666667,2010
Adventure,19.033821111111113,2012
Drama,19.033821111111113,2012
Fantasy,19.033821111111113,2012
Drama,-0.06458388888888889,2011
Horror,-0.21627314285714286,2010
Thriller,-0.21627314285714286,2010
Comedy,-0.447699375,2014
Romance,-0.447699375,2014
Drama,13.623316666666666,2018
Horror,13.623316666666666,2018
Mystery,13.623316666666666,2018
Drama,3.5700342857142857,2015
Comedy,6.84634,2014
Drama,6.84634,2014
Romance,6.84634,2014
Horror,154.022435,2012
Horror,59.531361,2012
Mystery,59.531361,2012
Thriller,59.531361,2012
Drama,25.304132,2010
Romance,25.304132,2010
Crime,24.301333,2018
Horror,24.301333,2018
Mystery,24.301333,2018
Biography,16.497655,2012
Comedy,16.497655,2012
Drama,16.497655,2012
Comedy,10.081501,2014
Drama,10.081501,2014
Romance,10.081501,2014
Comedy,5.446686,2014
Drama,5.446686,2014
Romance,5.446686,2014
Drama,7.419949,2011
Mystery,7.419949,2011
Thriller,7.419949,2011
Drama,1.271238,2017
Music,1.271238,2017
Drama,0.807836,2011
Fantasy,0.807836,2011
Romance,0.807836,2011
Drama,0.188871,2014
Romance,0.188871,2014
Sci-Fi,0.188871,2014
Drama,-0.88911,2014
War,-0.88911,2014
Biography,36.38738111111111,2013
Drama,36.38738111111111,2013
Romance,36.38738111111111,2013
Drama,0.57011,2011
Comedy,10.244366666666666,2012
Drama,10.244366666666666,2012
Romance,10.244366666666666,2012
Drama,10.754062,2010
Sci-Fi,10.754062,2010
Thriller,10.754062,2010
Biography,3.2592037037037036,2012
Crime,3.2592037037037036,2012
Drama,3.2592037037037036,2012
Drama,27.495164,2011
Romance,27.495164,2011
Drama,-0.511816,2013
Thriller,-0.511816,2013
Drama,18.56556,2011
Romance,18.56556,2011
Sci-Fi,18.56556,2011
Horror,643.20884,2015
Mystery,643.20884,2015
Thriller,643.20884,2015
Drama,42.6458,2017
Fantasy,42.6458,2017
Romance,42.6458,2017
Comedy,15.31646,2010
Drama,15.31646,2010
Romance,15.31646,2010
